buy_date,sell_date,symbol,buy_price,sell_price,profit,status
2024-10-24,2024-10-28,SNY,51.3,54.18,0.056,Successful
2024-10-23,2024-10-29,VFC,17.25,20.31,0.177,Successful
2024-10-14,2024-10-21,MPW,4.61,4.96,0.076,Successful
2024-10-11,2024-10-21,MPW,4.8,4.96,0.033,Successful
2024-10-11,2024-10-24,ADMA,16.5,15.77,-0.044,Unsuccessful
2024-10-10,2024-10-21,MPW,5.01,4.96,-0.01,Unsuccessful
2024-09-04,2024-09-11,NVDA,104.76,109.39,0.044,Successful
2024-09-04,2024-09-12,APH,58.0,62.14,0.071,Successful
2024-09-04,2024-09-13,FL,28.13,25.97,-0.077,Unsuccessful
2024-08-07,2024-08-12,WPM,53.36,56.02,0.05,Successful
2024-08-06,2024-08-14,CG,39.68,40.63,0.024,Successful
2024-08-06,2024-08-15,EXK,3.06,2.91,-0.049,Unsuccessful
2024-08-06,2024-08-16,SFIX,3.62,3.42,-0.055,Unsuccessful
2024-08-05,2024-08-07,CAT,309.0,333.51,0.079,Successful
2024-08-05,2024-08-07,RCL,132.73,152.8,0.151,Successful
2024-08-05,2024-08-07,TME,11.67,13.66,0.171,Successful
2024-08-05,2024-08-08,SU,35.56,38.94,0.095,Successful
2024-08-05,2024-08-09,ADI,201.72,209.95,0.041,Successful
2024-08-05,2024-08-09,AEG,5.77,5.99,0.038,Successful
2024-08-05,2024-08-09,AIG,69.81,72.07,0.032,Successful
2024-08-05,2024-08-09,CDE,4.73,5.5,0.163,Successful
2024-08-05,2024-08-09,FHN,14.7,14.93,0.016,Successful
2024-08-05,2024-08-09,GTE,7.33,7.87,0.074,Successful
2024-08-05,2024-08-09,HL,4.49,5.08,0.131,Successful
2024-08-05,2024-08-09,HPQ,32.58,32.86,0.009,Successful
2024-08-05,2024-08-09,IMUX,1.21,1.35,0.116,Successful
2024-08-05,2024-08-09,JPM,193.17,203.47,0.053,Successful
2024-08-05,2024-08-09,KEY,13.87,14.54,0.048,Successful
2024-08-05,2024-08-09,KKR,101.81,113.49,0.115,Successful
2024-08-05,2024-08-09,LYG,2.71,2.85,0.052,Successful
2024-08-05,2024-08-09,MET,68.44,69.65,0.018,Successful
2024-08-05,2024-08-09,MFC,23.63,24.86,0.052,Successful
2024-08-05,2024-08-09,NWSA,25.51,27.1,0.062,Successful
2024-08-05,2024-08-09,PAA,16.9,17.59,0.041,Successful
2024-08-05,2024-08-09,PAGP,17.85,18.67,0.046,Successful
2024-08-05,2024-08-09,PCVX,72.28,73.68,0.019,Successful
2024-08-05,2024-08-09,PRU,106.95,108.79,0.017,Successful
2024-08-05,2024-08-09,STX,90.59,95.21,0.051,Successful
2024-08-05,2024-08-09,SYF,42.81,46.17,0.078,Successful
2024-08-05,2024-08-09,TXN,181.84,191.02,0.05,Successful
2024-08-05,2024-08-12,CARG,22.19,27.1,0.221,Successful
2024-08-05,2024-08-12,LNC,28.81,29.59,0.027,Successful
2024-08-05,2024-08-12,PGRE,4.58,4.74,0.035,Successful
2024-08-05,2024-08-13,CHX,30.38,30.78,0.013,Successful
2024-08-05,2024-08-14,EMR,105.93,102.5,-0.032,Unsuccessful
2024-08-05,2024-08-14,ING,16.45,16.89,0.027,Successful
2024-08-05,2024-08-15,EXK,2.91,2.91,0.0,Successful
2024-08-02,2024-08-09,SAN,4.43,4.45,0.005,Successful
2024-08-02,2024-08-12,APO,110.11,104.2,-0.054,Unsuccessful
2024-08-02,2024-08-13,RBLX,37.68,38.45,0.02,Successful
2024-08-02,2024-08-15,EXK,3.53,2.91,-0.176,Unsuccessful
2024-07-25,2024-07-30,NXPI,246.77,258.46,0.047,Successful
2024-07-25,2024-08-01,ETN,290.61,290.04,-0.002,Unsuccessful
2024-07-22,2024-07-31,CRWD,285.01,234.67,-0.177,Unsuccessful
2024-07-19,2024-07-23,LRCX,924.02,963.76,0.043,Successful
2024-07-19,2024-07-31,CRWD,294.51,234.67,-0.203,Unsuccessful
2024-07-18,2024-07-23,AMAT,213.47,220.45,0.033,Successful
2024-07-18,2024-07-23,LRCX,938.65,963.76,0.027,Successful
2024-07-18,2024-07-23,PSTG,58.81,61.06,0.038,Successful
2024-07-18,2024-07-23,VST,73.91,79.14,0.071,Successful
2024-07-18,2024-07-24,AMZN,182.29,183.2,0.005,Successful
2024-07-18,2024-07-31,CRWD,344.29,234.67,-0.318,Unsuccessful
2024-06-28,2024-07-09,SKX,67.0,67.72,0.011,Successful
2024-06-20,2024-07-03,BALL,60.39,59.63,-0.013,Unsuccessful
2024-06-18,2024-06-24,FUTU,66.98,67.43,0.007,Successful
2024-06-17,2024-06-25,EQT,38.16,38.16,0.0,Successful
2024-06-17,2024-06-25,ETRN,13.37,13.45,0.006,Successful
2024-06-14,2024-06-18,ING,16.21,17.13,0.057,Successful
2024-06-14,2024-06-28,SAN,4.59,4.58,-0.002,Unsuccessful
2024-06-11,2024-06-18,CTVA,50.16,52.28,0.042,Successful
2024-06-07,2024-06-11,KKR,96.51,108.45,0.124,Successful
2024-05-29,2024-06-03,DAL,48.77,51.45,0.055,Successful
2024-05-01,2024-05-07,PSX,138.91,145.48,0.047,Successful
2024-04-30,2024-05-03,QRTEA,0.86,0.95,0.105,Successful
2024-04-29,2024-05-03,QRTEA,0.87,0.95,0.092,Successful
2024-04-25,2024-05-03,JBLU,5.73,5.86,0.022,Successful
2024-04-24,2024-04-29,SPR,31.17,32.39,0.039,Successful
2024-04-24,2024-05-03,JBLU,5.92,5.86,-0.011,Unsuccessful
2024-04-19,2024-04-24,AMAT,188.49,197.99,0.05,Successful
2024-04-19,2024-04-24,ASX,10.04,10.46,0.042,Successful
2024-04-19,2024-04-24,AVGO,1221.22,1263.9,0.035,Successful
2024-04-19,2024-04-24,LRCX,862.25,907.34,0.052,Successful
2024-04-19,2024-04-24,QCOM,156.6,163.87,0.046,Successful
2024-04-19,2024-04-24,TSM,128.3,136.09,0.061,Successful
2024-04-19,2024-04-30,VSTM,9.92,9.67,-0.025,Unsuccessful
2024-04-18,2024-04-23,THC,93.12,95.6,0.027,Successful
2024-04-18,2024-04-24,AMAT,193.89,197.99,0.021,Successful
2024-04-18,2024-04-24,LRCX,884.89,907.34,0.025,Successful
2024-04-15,2024-04-24,ANET,263.08,256.79,-0.024,Unsuccessful
2024-03-28,2024-04-08,EPIX,8.3,8.5,0.024,Successful
2024-03-21,2024-04-01,MGNI,10.39,10.76,0.036,Successful
2024-03-07,2024-03-13,JWN,17.01,17.8,0.046,Successful
2024-03-04,2024-03-15,SNOW,181.12,158.78,-0.123,Unsuccessful
2024-02-20,2024-02-26,ADBE,530.26,556.56,0.05,Successful
2024-02-13,2024-02-26,DT,50.7,50.25,-0.009,Unsuccessful
2024-02-02,2024-02-08,IP,33.33,33.98,0.02,Successful
2024-02-02,2024-02-12,VLY,8.69,8.46,-0.026,Unsuccessful
2024-02-01,2024-02-12,VLY,9.33,8.46,-0.093,Unsuccessful
2024-01-30,2024-02-07,PDD,125.05,124.07,-0.008,Unsuccessful
2024-01-24,2024-01-31,DHI,138.84,142.61,0.027,Successful
2024-01-17,2024-01-22,FCX,37.73,38.09,0.01,Successful
2024-01-09,2024-01-11,SPR,27.35,29.31,0.072,Successful
2024-01-04,2024-01-09,MCHP,82.03,84.31,0.028,Successful
2024-01-04,2024-01-18,STM,44.82,43.95,-0.019,Unsuccessful
2024-01-03,2024-01-08,SNOW,183.45,190.77,0.04,Successful
2024-01-03,2024-01-09,MCHP,83.96,84.31,0.004,Successful
2023-12-18,2023-12-20,MPAA,8.04,8.33,0.036,Successful
2023-12-15,2023-12-22,CAH,99.61,101.56,0.02,Successful
2023-12-11,2023-12-20,MPAA,9.07,8.33,-0.082,Unsuccessful
2023-12-06,2023-12-14,EQT,37.21,37.63,0.011,Successful
2023-12-06,2023-12-14,LBRT,18.39,18.34,-0.003,Unsuccessful
2023-12-05,2023-12-08,NTES,101.05,104.8,0.037,Successful
2023-12-04,2023-12-08,NTES,106.1,104.8,-0.012,Unsuccessful
2023-12-01,2023-12-11,PSTG,32.31,33.06,0.023,Successful
2023-11-08,2023-11-14,PR,13.23,13.5,0.02,Successful
2023-11-08,2023-11-15,MRO,24.76,25.58,0.033,Successful
2023-10-26,2023-11-02,GOOG,122.87,129.56,0.054,Successful
2023-10-26,2023-11-02,GOOGL,121.84,128.42,0.054,Successful
2023-10-26,2023-11-03,WU,12.54,11.8,-0.059,Unsuccessful
2023-10-23,2023-11-03,RIG,6.95,6.92,-0.004,Unsuccessful
2023-10-20,2023-11-02,TSLA,213.51,212.97,-0.003,Unsuccessful
2023-10-05,2023-10-09,FUTU,52.84,56.79,0.075,Successful
2023-10-04,2023-10-09,EQNR,30.59,32.75,0.071,Successful
2023-10-04,2023-10-09,NXE,5.43,5.73,0.055,Successful
2023-10-04,2023-10-09,PBR,13.87,14.46,0.043,Successful
2023-10-04,2023-10-10,MPC,142.85,145.62,0.019,Successful
2023-10-04,2023-10-10,PAGP,14.84,15.45,0.041,Successful
2023-10-04,2023-10-10,PSX,112.16,110.86,-0.012,Unsuccessful
2023-10-04,2023-10-11,TEVA,9.31,9.24,-0.008,Unsuccessful
2023-10-04,2023-10-11,VLO,129.57,128.99,-0.004,Unsuccessful
2023-10-03,2023-10-06,PCVX,47.57,48.45,0.018,Successful
2023-10-03,2023-10-11,VLO,133.95,128.99,-0.037,Unsuccessful
2023-09-29,2023-10-09,VSTM,8.07,7.94,-0.016,Unsuccessful
2023-09-28,2023-10-09,VSTM,8.51,7.94,-0.067,Unsuccessful
2023-09-27,2023-10-09,VSTM,8.68,7.94,-0.085,Unsuccessful
2023-09-25,2023-09-29,CCL,13.55,14.65,0.081,Successful
2023-09-25,2023-09-29,CUK,12.27,13.1,0.068,Successful
2023-09-25,2023-09-29,VNO,21.75,23.05,0.06,Successful
2023-09-22,2023-09-28,KMX,76.53,70.39,-0.08,Unsuccessful
2023-09-22,2023-09-28,OPEN,2.47,2.52,0.02,Successful
2023-09-22,2023-09-28,RCL,91.49,91.47,0.0,Successful
2023-09-22,2023-09-29,VNO,22.25,23.05,0.036,Successful
2023-09-21,2023-09-29,ABR,15.02,15.34,0.021,Successful
2023-09-07,2023-09-12,ASAN,18.23,19.77,0.084,Successful
2023-08-18,2023-08-22,META,276.54,292.55,0.058,Successful
2023-08-18,2023-08-28,STNE,11.96,12.2,0.02,Successful
2023-08-11,2023-08-15,MRVL,57.16,59.36,0.038,Successful
2023-08-10,2023-08-23,MGNI,10.01,8.2,-0.181,Unsuccessful
2023-08-09,2023-08-17,DDOG,85.4,90.05,0.054,Successful
2023-08-09,2023-08-22,OWL,11.64,11.17,-0.04,Unsuccessful
2023-08-08,2023-08-14,PANW,208.78,218.44,0.046,Successful
2023-08-04,2023-08-10,GT,12.81,13.36,0.043,Successful
2023-08-03,2023-08-08,CG,31.92,32.5,0.018,Successful
2023-08-03,2023-08-11,DXC,20.7,20.08,-0.03,Unsuccessful
2023-08-03,2023-08-15,NCLH,18.08,17.71,-0.02,Unsuccessful
2023-08-03,2023-08-17,BWA,41.69,39.93,-0.042,Unsuccessful
2023-08-02,2023-08-09,HMY,3.94,3.91,-0.008,Unsuccessful
2023-08-02,2023-08-15,NCLH,18.75,17.71,-0.055,Unsuccessful
2023-07-27,2023-07-31,IMUX,2.11,2.39,0.133,Successful
2023-07-27,2023-08-01,SNAP,10.41,11.26,0.082,Successful
2023-07-25,2023-07-27,RCM,15.97,16.72,0.047,Successful
2023-07-25,2023-07-31,AAL,16.37,16.85,0.029,Successful
2023-07-06,2023-07-11,WYNN,98.7,108.1,0.095,Successful
2023-06-21,2023-06-30,HMY,4.13,4.11,-0.005,Unsuccessful
2023-06-06,2023-06-14,CLSK,3.78,3.89,0.029,Successful
2023-05-30,2023-06-05,KR,45.89,45.99,0.002,Successful
2023-05-25,2023-06-01,EW,81.32,84.06,0.034,Successful
2023-05-25,2023-06-01,TECK,37.72,39.7,0.052,Successful
2023-05-25,2023-06-02,KGC,4.73,4.89,0.034,Successful
2023-05-24,2023-06-01,TECK,39.16,39.7,0.014,Successful
2023-05-24,2023-06-02,XRAY,36.91,37.65,0.02,Successful
2023-05-19,2023-06-01,ARDX,3.53,3.33,-0.057,Unsuccessful
2023-05-19,2023-06-02,SOBR,1.78,1.75,-0.017,Unsuccessful
2023-05-18,2023-06-01,ARDX,3.81,3.33,-0.126,Unsuccessful
2023-05-11,2023-05-24,EXK,3.5,3.28,-0.063,Unsuccessful
2023-05-09,2023-05-11,ARDX,4.06,4.36,0.074,Successful
2023-05-04,2023-05-08,HES,131.25,139.36,0.062,Successful
2023-05-04,2023-05-09,BWA,44.53,44.71,0.004,Successful
2023-04-27,2023-05-02,ADI,175.24,184.44,0.052,Successful
2023-04-26,2023-05-01,RIG,5.69,5.78,0.016,Successful
2023-04-20,2023-04-28,HPE,14.51,14.21,-0.021,Unsuccessful
2023-04-20,2023-05-03,JNPR,30.81,29.24,-0.051,Unsuccessful
2023-04-04,2023-04-13,DHT,9.31,9.63,0.034,Successful
2023-03-23,2023-03-29,MO,43.8,44.63,0.019,Successful
2023-03-16,2023-03-17,CPRX,13.91,15.65,0.125,Successful
2023-03-16,2023-03-17,ET,11.58,12.23,0.056,Successful
2023-03-16,2023-03-21,DHT,10.57,11.21,0.061,Successful
2023-03-16,2023-03-21,NUE,140.0,151.03,0.079,Successful
2023-03-16,2023-03-22,BP,34.4,36.87,0.072,Successful
2023-03-16,2023-03-22,PAA,11.42,12.12,0.061,Successful
2023-03-16,2023-03-22,PAGP,11.88,12.81,0.078,Successful
2023-03-16,2023-03-22,PR,9.11,10.17,0.116,Successful
2023-03-16,2023-03-22,TTE,55.55,58.69,0.057,Successful
2023-03-15,2023-03-22,UAL,44.66,44.14,-0.012,Unsuccessful
2023-03-14,2023-03-24,PTON,11.03,9.16,-0.17,Unsuccessful
2023-03-13,2023-03-15,APTV,107.75,108.95,0.011,Successful
2023-03-13,2023-03-15,UBER,30.18,31.83,0.055,Successful
2023-03-13,2023-03-17,RCL,64.82,64.35,-0.007,Unsuccessful
2023-03-13,2023-03-21,HES,125.74,124.9,-0.007,Unsuccessful
2023-03-13,2023-03-21,LYB,86.26,89.22,0.034,Successful
2023-03-13,2023-03-21,MAR,159.59,164.97,0.034,Successful
2023-03-13,2023-03-21,UNM,38.98,39.78,0.021,Successful
2023-03-13,2023-03-22,AEG,4.63,4.34,-0.063,Unsuccessful
2023-03-13,2023-03-22,APO,58.48,60.55,0.035,Successful
2023-03-13,2023-03-22,BWA,46.5,47.37,0.019,Successful
2023-03-13,2023-03-22,CNHI,14.97,14.73,-0.016,Unsuccessful
2023-03-13,2023-03-22,FNB,12.05,12.29,0.02,Successful
2023-03-13,2023-03-22,GNW,5.56,5.07,-0.088,Unsuccessful
2023-03-13,2023-03-22,ING,12.31,12.06,-0.02,Unsuccessful
2023-03-13,2023-03-22,TPX,38.09,38.71,0.016,Successful
2023-03-13,2023-03-24,PTON,11.43,9.16,-0.199,Unsuccessful
2023-03-10,2023-03-15,PCVX,37.3,38.75,0.039,Successful
2023-03-10,2023-03-15,THC,53.28,52.63,-0.012,Unsuccessful
2023-03-10,2023-03-17,CG,32.17,30.38,-0.056,Unsuccessful
2023-03-10,2023-03-17,RCL,66.2,64.35,-0.028,Unsuccessful
2023-03-10,2023-03-17,SPLK,91.63,89.11,-0.028,Unsuccessful
2023-03-10,2023-03-21,LYB,88.43,89.22,0.009,Successful
2023-03-10,2023-03-21,SPR,31.04,31.39,0.011,Successful
2023-03-10,2023-03-22,APO,65.35,60.55,-0.073,Unsuccessful
2023-03-10,2023-03-22,CCL,9.69,9.15,-0.056,Unsuccessful
2023-03-10,2023-03-22,CUK,8.79,8.28,-0.058,Unsuccessful
2023-03-10,2023-03-22,DT,39.28,39.08,-0.005,Unsuccessful
2023-03-10,2023-03-22,FNB,12.51,12.29,-0.018,Unsuccessful
2023-03-09,2023-03-22,AIG,55.63,51.03,-0.083,Unsuccessful
2023-03-09,2023-03-22,FNB,13.16,12.29,-0.066,Unsuccessful
2023-02-24,2023-03-01,FCX,39.36,42.6,0.082,Successful
2023-02-24,2023-03-02,RIO,69.27,72.34,0.044,Successful
2023-02-22,2023-02-24,PR,9.04,10.57,0.169,Successful
2023-02-22,2023-02-28,PDD,81.97,85.99,0.049,Successful
2023-02-16,2023-02-28,HL,4.97,5.1,0.026,Successful
2023-02-14,2023-02-21,GERN,2.62,2.76,0.053,Successful
2023-02-09,2023-02-22,ARMK,38.71,37.49,-0.032,Unsuccessful
2023-02-09,2023-02-23,CPRI,49.19,50.0,0.016,Successful
2023-02-08,2023-02-22,ARMK,39.21,37.49,-0.044,Unsuccessful
2023-02-03,2023-02-08,COP,107.96,112.23,0.04,Successful
2023-02-03,2023-02-08,SNY,45.82,47.7,0.041,Successful
2023-01-12,2023-01-17,PCVX,41.4,44.05,0.064,Successful
2023-01-04,2023-01-05,BTU,24.35,26.27,0.079,Successful
2022-12-28,2023-01-11,ENPH,266.3,229.22,-0.139,Unsuccessful
2022-12-16,2022-12-22,NUE,130.08,136.96,0.053,Successful
2022-12-14,2022-12-22,UAL,39.93,38.78,-0.029,Unsuccessful
2022-12-12,2022-12-23,MMAT,1.35,1.12,-0.17,Unsuccessful
2022-12-06,2022-12-13,MPC,109.08,112.8,0.034,Successful
2022-12-06,2022-12-13,XOM,103.64,107.8,0.04,Successful
2022-12-05,2022-12-13,CRK,16.04,15.69,-0.022,Unsuccessful
2022-12-05,2022-12-13,VLO,123.26,122.93,-0.003,Unsuccessful
2022-12-02,2022-12-12,STEM,11.44,10.52,-0.08,Unsuccessful
2022-11-15,2022-11-29,ESPR,7.22,6.6,-0.086,Unsuccessful
2022-11-14,2022-11-23,MPAA,15.84,13.74,-0.133,Unsuccessful
2022-11-11,2022-11-18,UNM,41.21,41.19,0.0,Successful
2022-10-12,2022-10-18,PDD,55.71,57.97,0.041,Successful
2022-08-31,2022-09-07,CTAS,409.7,415.1,0.013,Successful
2022-08-31,2022-09-12,AZN,62.72,61.65,-0.017,Unsuccessful
2022-08-29,2022-09-02,AMGN,238.84,246.48,0.032,Successful
2022-08-24,2022-09-08,ATVI,79.34,77.62,-0.022,Unsuccessful
2022-08-02,2022-08-08,VRTX,273.83,288.65,0.054,Successful
2022-07-27,2022-07-29,DLTR,157.82,162.16,0.027,Successful
2022-06-14,2022-06-21,TMUS,124.62,129.46,0.039,Successful
2022-06-14,2022-06-16,VRTX,245.39,248.49,0.013,Successful
2022-06-13,2022-06-16,VRTX,250.81,248.49,-0.009,Unsuccessful
2022-06-13,2022-06-17,AZN,60.43,61.21,0.013,Successful
2022-06-10,2022-06-17,AZN,61.29,61.21,-0.001,Unsuccessful
2022-05-20,2022-05-26,DLTR,135.43,159.81,0.18,Successful
2022-05-19,2022-05-26,DLTR,132.51,159.81,0.206,Successful
2022-05-12,2022-05-16,AZN,60.51,63.35,0.047,Successful
2022-05-03,2022-05-05,PEP,167.76,173.1,0.032,Successful
2022-05-03,2022-05-05,AMGN,230.92,235.5,0.02,Successful
2022-05-02,2022-05-05,COST,531.72,541.57,0.019,Successful
2022-05-02,2022-05-05,AMGN,233.19,235.5,0.01,Successful
2022-04-29,2022-05-05,AMGN,236.5,235.5,-0.004,Unsuccessful
2022-04-27,2022-04-29,AVGO,555.79,572.62,0.03,Successful
2022-04-27,2022-05-03,ATVI,76.82,78.5,0.022,Successful
2022-04-25,2022-04-28,TMUS,128.63,131.04,0.019,Successful
2022-04-25,2022-04-29,PAYX,131.35,131.99,0.005,Successful
2022-04-06,2022-04-11,CTSH,85.99,88.61,0.03,Successful
2022-04-04,2022-04-05,ORLY,667.43,682.82,0.023,Successful
2022-03-15,2022-03-23,ATVI,79.43,79.15,-0.004,Unsuccessful
2022-02-24,2022-02-28,AAPL,152.58,163.06,0.069,Successful
2022-02-24,2022-02-25,COST,483.27,508.58,0.052,Successful
2022-01-28,2022-02-01,TSLA,276.37,311.74,0.128,Successful
2022-01-27,2022-01-31,PEP,169.53,170.77,0.007,Successful
2022-01-26,2022-01-31,PEP,169.36,170.77,0.008,Successful
2022-01-26,2022-02-03,WBA,50.99,50.55,-0.009,Unsuccessful
2022-01-20,2022-02-01,AMAT,143.07,138.23,-0.034,Unsuccessful
2022-01-20,2022-02-01,NXPI,208.0,208.99,0.005,Successful
2022-01-19,2022-01-31,CSX,35.25,33.89,-0.039,Unsuccessful
2022-01-19,2022-01-26,MAR,159.51,158.04,-0.009,Unsuccessful
2022-01-18,2022-01-25,DLTR,129.72,130.48,0.006,Successful
2022-01-14,2022-01-18,MRVL,77.82,80.3,0.032,Successful
2022-01-11,2022-01-25,COST,518.8,479.9,-0.075,Unsuccessful
2022-01-07,2022-01-12,ANSS,367.76,369.74,0.005,Successful
2022-01-06,2022-01-11,GOOG,137.5,138.18,0.005,Successful
2022-01-06,2022-01-11,GOOGL,137.0,138.01,0.007,Successful
2022-01-06,2022-01-12,CTAS,405.97,409.32,0.008,Successful
2022-01-06,2022-01-12,DDOG,145.52,150.38,0.033,Successful
2022-01-06,2022-01-11,ZS,261.0,270.45,0.036,Successful
2022-01-06,2022-01-12,ANSS,366.85,369.74,0.008,Successful
2021-12-21,2021-12-23,INTU,604.63,631.66,0.045,Successful
2021-12-21,2021-12-23,ODFL,333.85,344.96,0.033,Successful
2021-12-20,2021-12-22,ADI,166.84,171.65,0.029,Successful
2021-12-20,2021-12-23,ODFL,335.57,344.96,0.028,Successful
2021-12-17,2021-12-22,ADI,171.12,171.65,0.003,Successful
2021-12-14,2021-12-16,NVDA,276.99,311.52,0.125,Successful
2021-12-10,2021-12-15,LCID,36.52,39.37,0.078,Successful
2021-12-06,2021-12-08,MSFT,323.01,335.31,0.038,Successful
2021-12-02,2021-12-08,FTNT,61.05,63.45,0.039,Successful
2021-12-02,2021-12-08,DDOG,159.6,177.59,0.113,Successful
2021-12-02,2021-12-09,ZS,318.21,313.0,-0.016,Unsuccessful
2021-12-01,2021-12-03,CTAS,422.19,432.96,0.026,Successful
2021-12-01,2021-12-03,PAYX,119.2,120.74,0.013,Successful
2021-12-01,2021-12-03,CTSH,77.98,79.88,0.024,Successful
2021-11-30,2021-12-08,EBAY,70.33,67.33,-0.043,Unsuccessful
2021-11-29,2021-12-03,ALGN,634.22,629.36,-0.008,Unsuccessful
2021-11-24,2021-12-03,ISRG,335.45,329.2,-0.019,Unsuccessful
2021-11-24,2021-12-08,DXCM,147.5,140.0,-0.051,Unsuccessful
2021-11-23,2021-12-03,ISRG,340.72,329.2,-0.034,Unsuccessful
2021-11-17,2021-12-02,AZN,57.63,55.04,-0.045,Unsuccessful
2021-10-12,2021-10-15,CHTR,690.6,706.03,0.022,Successful
2021-10-11,2021-10-15,CHTR,700.0,706.03,0.009,Successful
2021-10-05,2021-10-08,GILD,67.45,68.05,0.009,Successful
2021-10-04,2021-10-08,GILD,68.2,68.05,-0.002,Unsuccessful
2021-09-30,2021-10-04,GOOG,134.32,135.7,0.01,Successful
2021-09-30,2021-10-04,GOOGL,134.26,135.96,0.013,Successful
2021-09-30,2021-10-08,NXPI,198.75,194.51,-0.021,Unsuccessful
2021-09-30,2021-10-06,EBAY,69.97,69.31,-0.009,Unsuccessful
2021-09-30,2021-10-08,ALGN,673.06,663.97,-0.014,Unsuccessful
2021-09-29,2021-10-04,MSFT,283.52,287.4,0.014,Successful
2021-09-29,2021-10-04,GOOG,136.18,135.7,-0.004,Unsuccessful
2021-09-29,2021-10-04,GOOGL,135.83,135.96,0.001,Successful
2021-09-29,2021-10-06,NVDA,206.99,201.2,-0.028,Unsuccessful
2021-09-29,2021-10-06,PEP,151.05,150.84,-0.001,Unsuccessful
2021-09-29,2021-10-08,SNPS,301.93,299.15,-0.009,Unsuccessful
2021-09-29,2021-10-04,CTAS,386.07,389.99,0.01,Successful
2021-09-29,2021-10-04,ZS,258.74,261.35,0.01,Successful
2021-09-29,2021-10-08,ALGN,677.32,663.97,-0.02,Unsuccessful
2021-09-23,2021-09-27,META,343.21,349.81,0.019,Successful
2021-09-22,2021-09-24,AMZN,167.18,170.1,0.017,Successful
2021-09-22,2021-09-24,SNPS,317.9,320.59,0.008,Successful
2021-09-21,2021-09-24,AMZN,167.79,170.1,0.014,Successful
2021-09-21,2021-09-23,GOOG,139.02,141.61,0.019,Successful
2021-09-21,2021-09-23,GOOGL,138.72,140.99,0.016,Successful
2021-09-21,2021-09-27,META,355.7,349.81,-0.017,Unsuccessful
2021-09-21,2021-09-23,NVDA,211.13,221.4,0.049,Successful
2021-09-21,2021-09-24,PYPL,269.91,276.02,0.023,Successful
2021-09-21,2021-09-24,SNPS,321.3,320.59,-0.002,Unsuccessful
2021-09-20,2021-09-23,GOOG,139.0,141.61,0.019,Successful
2021-09-20,2021-09-27,META,359.3,349.81,-0.026,Unsuccessful
2021-09-20,2021-09-24,SNPS,321.67,320.59,-0.003,Unsuccessful
2021-09-15,2021-09-29,CHTR,761.5,729.52,-0.042,Unsuccessful
2021-09-10,2021-09-16,AZN,56.29,56.47,0.003,Successful
2021-09-09,2021-09-16,AZN,57.02,56.47,-0.01,Unsuccessful
2021-09-08,2021-09-14,HON,222.75,224.05,0.006,Successful
2021-09-08,2021-09-22,PAYX,111.16,108.5,-0.024,Unsuccessful
2021-09-03,2021-09-09,ORLY,578.82,592.05,0.023,Successful
2021-09-01,2021-09-16,CSX,32.53,30.99,-0.047,Unsuccessful
2021-08-27,2021-09-13,ADSK,310.19,284.51,-0.083,Unsuccessful
2021-08-19,2021-08-24,AVGO,466.35,482.4,0.034,Successful
2021-08-19,2021-08-24,TXN,182.75,187.92,0.028,Successful
2021-08-13,2021-08-20,AMAT,129.13,130.38,0.01,Successful
2021-08-13,2021-08-24,LRCX,583.25,586.92,0.006,Successful
2021-08-05,2021-08-11,MDLZ,61.72,62.12,0.006,Successful
2021-08-03,2021-08-06,AMZN,166.57,168.75,0.013,Successful
2021-08-03,2021-08-06,PYPL,270.99,280.0,0.033,Successful
2021-08-03,2021-08-12,KDP,34.39,34.66,0.008,Successful
2021-08-02,2021-08-06,AMZN,166.38,168.75,0.014,Successful
2021-08-02,2021-08-06,PYPL,275.53,280.0,0.016,Successful
2021-07-30,2021-08-06,PYPL,280.24,280.0,-0.001,Unsuccessful
2021-07-29,2021-08-09,VRSN,215.76,214.37,-0.006,Unsuccessful
2021-07-28,2021-08-09,VRSN,218.93,214.37,-0.021,Unsuccessful
2021-07-26,2021-08-09,VRSN,221.1,214.37,-0.03,Unsuccessful
2021-07-20,2021-07-21,META,336.95,341.5,0.014,Successful
2021-07-20,2021-07-21,ADSK,287.31,294.82,0.026,Successful
2021-07-20,2021-07-22,ODFL,250.15,255.27,0.02,Successful
2021-07-19,2021-07-22,NVDA,179.15,196.42,0.096,Successful
2021-07-19,2021-07-21,TXN,184.28,188.45,0.023,Successful
2021-07-19,2021-07-21,AMAT,125.19,132.82,0.061,Successful
2021-07-19,2021-07-21,NXPI,187.56,193.0,0.029,Successful
2021-07-19,2021-07-21,MRVL,53.35,56.61,0.061,Successful
2021-07-19,2021-07-21,AZN,56.44,57.91,0.026,Successful
2021-07-19,2021-07-22,ROST,117.58,121.71,0.035,Successful
2021-07-16,2021-07-21,AZN,56.79,57.91,0.02,Successful
2021-07-06,2021-07-13,WBA,48.03,47.58,-0.009,Unsuccessful
2021-07-02,2021-07-13,WBA,48.71,47.58,-0.023,Unsuccessful
2021-06-29,2021-07-02,MAR,135.87,139.75,0.029,Successful
2021-06-21,2021-06-24,AMAT,131.19,137.0,0.044,Successful
2021-06-21,2021-06-25,ATVI,91.49,92.64,0.013,Successful
2021-06-21,2021-06-24,LRCX,612.66,633.81,0.035,Successful
2021-06-18,2021-06-22,FAST,49.61,51.55,0.039,Successful
2021-06-17,2021-06-23,MDLZ,62.74,62.55,-0.003,Unsuccessful
2021-06-17,2021-06-22,FAST,51.01,51.55,0.011,Successful
2021-06-16,2021-06-22,FAST,51.29,51.55,0.005,Successful
2021-06-10,2021-06-23,KDP,34.98,34.67,-0.009,Unsuccessful
2021-06-10,2021-06-16,ODFL,249.77,253.62,0.015,Successful
2021-06-09,2021-06-23,KDP,35.23,34.67,-0.016,Unsuccessful
2021-06-08,2021-06-16,ODFL,254.29,253.62,-0.003,Unsuccessful
2021-05-26,2021-06-07,AMGN,241.84,236.92,-0.02,Unsuccessful
2021-05-13,2021-05-21,SBUX,109.79,111.63,0.017,Successful
2021-05-13,2021-05-17,CSX,33.17,33.94,0.023,Successful
2021-05-13,2021-05-17,DLTR,109.83,111.33,0.014,Successful
2021-05-13,2021-05-17,ROST,124.09,129.15,0.041,Successful
2021-05-12,2021-05-17,DLTR,111.95,111.33,-0.006,Unsuccessful
2021-05-11,2021-05-17,AMAT,120.0,122.0,0.017,Successful
2021-05-11,2021-05-14,LRCX,568.56,596.0,0.048,Successful
2021-05-11,2021-05-17,ALGN,539.91,562.1,0.041,Successful
2021-05-06,2021-05-10,INTU,390.81,400.23,0.024,Successful
2021-05-06,2021-05-10,PYPL,247.4,252.01,0.019,Successful
2021-05-06,2021-05-17,BIDU,195.63,188.49,-0.036,Unsuccessful
2021-05-06,2021-05-07,ALGN,568.69,586.08,0.031,Successful
2021-05-05,2021-05-10,INTU,397.62,400.23,0.007,Successful
2021-05-05,2021-05-10,PYPL,250.16,252.01,0.007,Successful
2021-05-05,2021-05-10,SNPS,237.07,239.88,0.012,Successful
2021-05-05,2021-05-12,ZS,175.48,167.47,-0.046,Unsuccessful
2021-05-05,2021-05-17,BIDU,199.98,188.49,-0.057,Unsuccessful
2021-05-05,2021-05-12,OKTA,244.07,233.4,-0.044,Unsuccessful
2021-04-30,2021-05-04,EBAY,55.73,57.51,0.032,Successful
2021-04-21,2021-04-23,MAR,141.7,147.04,0.038,Successful
2021-03-26,2021-03-31,BIDU,190.84,222.0,0.163,Successful
2021-03-05,2021-03-10,AVGO,443.59,447.35,0.008,Successful
2021-03-05,2021-03-10,TXN,163.25,171.65,0.051,Successful
2021-03-05,2021-03-10,ADI,144.52,151.33,0.047,Successful
2021-03-05,2021-03-10,AMAT,108.24,115.8,0.07,Successful
2021-03-05,2021-03-08,NXPI,167.28,178.82,0.069,Successful
2021-03-05,2021-03-12,IDXX,485.85,498.91,0.027,Successful
2021-03-05,2021-03-10,SWKS,167.21,171.69,0.027,Successful
2021-03-04,2021-03-09,ROST,110.73,122.12,0.103,Successful
2021-03-04,2021-03-12,IDXX,494.9,498.91,0.008,Successful
2021-03-04,2021-03-08,ALGN,523.7,532.28,0.016,Successful
2021-03-04,2021-03-11,OKTA,220.0,234.43,0.066,Successful
2021-02-26,2021-03-02,GOOG,101.57,103.81,0.022,Successful
2021-02-26,2021-03-02,GOOGL,100.8,103.24,0.024,Successful
2021-02-26,2021-03-10,ADSK,283.45,269.76,-0.048,Unsuccessful
2021-02-26,2021-03-02,CTAS,328.05,343.31,0.047,Successful
2021-02-26,2021-03-04,DLTR,98.88,101.8,0.03,Successful
2021-02-26,2021-03-02,PDD,169.46,186.11,0.098,Successful
2021-02-26,2021-03-02,EBAY,56.98,58.64,0.029,Successful
2021-02-26,2021-03-10,ANSS,338.46,310.63,-0.082,Unsuccessful
2021-02-26,2021-03-08,NTES,108.0,105.72,-0.021,Unsuccessful
2021-02-26,2021-03-02,OKTA,256.28,274.11,0.07,Successful
2021-02-25,2021-03-04,DLTR,98.75,101.8,0.031,Successful
2021-02-25,2021-03-02,PDD,179.32,186.11,0.038,Successful
2021-02-24,2021-03-02,MSFT,230.01,237.01,0.03,Successful
2021-02-23,2021-03-02,AAPL,123.76,128.41,0.038,Successful
2021-02-23,2021-03-02,MSFT,230.33,237.01,0.029,Successful
2021-02-23,2021-03-02,AMZN,156.35,157.17,0.005,Successful
2021-02-23,2021-02-25,TSLA,220.71,242.05,0.097,Successful
2021-02-05,2021-02-10,CTSH,74.55,76.24,0.023,Successful
2021-02-01,2021-02-03,HON,195.37,199.63,0.022,Successful
2021-01-28,2021-01-29,ALGN,509.36,525.16,0.031,Successful
2021-01-26,2021-01-29,MAR,119.62,119.75,0.001,Successful
2021-01-25,2021-01-27,ISRG,248.03,253.47,0.022,Successful
2021-01-22,2021-01-26,MDLZ,56.07,56.79,0.013,Successful
2021-01-19,2021-01-21,ISRG,259.47,265.44,0.023,Successful
2021-01-13,2021-01-19,META,251.09,256.9,0.023,Successful
2021-01-13,2021-01-20,TMUS,128.69,130.12,0.011,Successful
2021-01-12,2021-01-19,META,256.63,256.9,0.001,Successful
2021-01-07,2021-01-11,CHTR,624.51,636.9,0.02,Successful
2021-01-05,2021-01-11,ADP,168.68,170.93,0.013,Successful
2021-01-05,2021-01-07,CSX,29.29,30.9,0.055,Successful
2021-01-05,2021-01-07,FAST,47.59,49.26,0.035,Successful
2021-01-05,2021-01-08,DDOG,91.23,97.55,0.069,Successful
2020-12-29,2021-01-05,ZM,350.66,360.39,0.028,Successful
2020-12-28,2021-01-05,ZM,370.4,360.39,-0.027,Unsuccessful
2020-12-11,2020-12-16,CTAS,346.29,354.72,0.024,Successful
2020-11-10,2020-11-13,ZM,412.5,425.99,0.033,Successful
2020-11-03,2020-11-05,SPLK,191.34,213.26,0.115,Successful
2020-11-02,2020-11-05,PYPL,186.13,202.3,0.087,Successful
2020-11-02,2020-11-05,ATVI,75.73,80.74,0.066,Successful
2020-11-02,2020-11-04,SNPS,213.86,229.72,0.074,Successful
2020-11-02,2020-11-04,EBAY,47.63,49.47,0.039,Successful
2020-11-02,2020-11-05,ZS,135.75,148.55,0.094,Successful
2020-10-30,2020-11-04,EBAY,48.77,49.47,0.014,Successful
2020-10-29,2020-11-04,AVGO,347.21,360.48,0.038,Successful
2020-10-29,2020-11-04,CMCSA,41.98,44.27,0.055,Successful
2020-10-29,2020-11-03,HON,160.41,175.53,0.094,Successful
2020-10-29,2020-11-04,ADI,116.23,122.39,0.053,Successful
2020-10-29,2020-11-04,ISRG,229.27,236.23,0.03,Successful
2020-10-29,2020-10-30,CSX,25.22,25.88,0.026,Successful
2020-10-29,2020-11-03,CTAS,314.44,324.47,0.032,Successful
2020-10-29,2020-10-30,PAYX,79.86,81.12,0.016,Successful
2020-10-29,2020-11-04,CTSH,71.1,73.77,0.038,Successful
2020-10-29,2020-11-03,ODFL,186.57,195.72,0.049,Successful
2020-10-28,2020-11-03,HON,162.52,175.53,0.08,Successful
2020-10-28,2020-11-03,ODFL,186.9,195.72,0.047,Successful
2020-09-22,2020-09-29,ORLY,453.96,457.36,0.007,Successful
2020-09-22,2020-09-25,ODFL,178.61,182.22,0.02,Successful
2020-09-21,2020-09-25,ODFL,181.99,182.22,0.001,Successful
2020-09-10,2020-09-23,LULU,323.93,325.34,0.004,Successful
2020-09-09,2020-09-15,LRCX,302.72,310.61,0.026,Successful
2020-09-08,2020-09-10,ATVI,76.58,80.29,0.048,Successful
2020-09-08,2020-09-15,DXCM,97.72,99.64,0.02,Successful
2020-09-08,2020-09-16,EA,127.46,128.99,0.012,Successful
2020-09-08,2020-09-16,FAST,44.82,44.97,0.003,Successful
2020-09-04,2020-09-15,FTNT,24.0,24.06,0.003,Successful
2020-09-04,2020-09-16,EA,131.63,128.99,-0.02,Unsuccessful
2020-09-04,2020-09-09,AZN,53.79,53.83,0.001,Successful
2020-08-24,2020-08-31,LRCX,353.44,348.55,-0.014,Unsuccessful
2020-08-24,2020-08-25,CTSH,65.71,67.62,0.029,Successful
2020-08-21,2020-08-31,LRCX,355.92,348.55,-0.021,Unsuccessful
2020-08-12,2020-08-14,ZM,231.04,249.44,0.08,Successful
2020-08-11,2020-08-18,FTNT,25.2,26.02,0.033,Successful
2020-08-10,2020-08-14,DDOG,75.28,83.0,0.103,Successful
2020-07-27,2020-08-04,GILD,73.64,72.02,-0.022,Unsuccessful
2020-07-27,2020-08-04,VRTX,278.49,279.23,0.003,Successful
2020-06-29,2020-07-01,GOOG,67.91,70.56,0.039,Successful
2020-06-29,2020-07-01,GOOGL,68.02,70.96,0.043,Successful
2020-06-29,2020-07-01,META,209.75,228.5,0.089,Successful
2020-06-25,2020-07-01,CHTR,507.46,510.04,0.005,Successful
2020-03-17,2020-03-24,TSLA,29.33,31.82,0.085,Successful
2020-03-17,2020-03-20,DXCM,50.58,52.08,0.03,Successful
2020-03-13,2020-03-16,VRTX,204.06,201.6,-0.012,Unsuccessful
2020-03-13,2020-03-16,ATVI,54.56,53.11,-0.027,Unsuccessful
2020-03-13,2020-03-20,DXCM,61.91,52.08,-0.159,Unsuccessful
2020-03-12,2020-03-20,DXCM,54.63,52.08,-0.047,Unsuccessful
2020-03-10,2020-03-16,CHTR,463.21,414.98,-0.104,Unsuccessful
2020-03-02,2020-03-05,CHTR,493.17,514.34,0.043,Successful
2020-03-02,2020-03-05,ODFL,128.61,133.21,0.036,Successful
2020-02-28,2020-03-03,AAPL,64.32,75.92,0.18,Successful
2020-02-28,2020-03-03,MSFT,152.41,173.8,0.14,Successful
2020-02-28,2020-03-03,AMZN,90.73,98.77,0.089,Successful
2020-02-28,2020-03-03,GOOG,63.88,69.97,0.095,Successful
2020-02-28,2020-03-03,GOOGL,63.72,69.88,0.097,Successful
2020-02-28,2020-03-03,COST,285.25,309.14,0.084,Successful
2020-02-28,2020-03-03,VRTX,215.57,230.27,0.068,Successful
2020-02-28,2020-03-05,CHTR,500.7,514.34,0.027,Successful
2020-02-28,2020-03-02,ADSK,176.57,190.67,0.08,Successful
2020-02-28,2020-03-03,CTAS,255.52,277.39,0.086,Successful
2020-02-28,2020-03-03,LULU,210.0,228.87,0.09,Successful
2020-02-28,2020-03-03,EA,100.29,106.73,0.064,Successful
2020-02-28,2020-03-05,ODFL,129.63,133.21,0.028,Successful
2020-02-28,2020-03-11,ROST,108.62,99.42,-0.085,Unsuccessful
2020-02-28,2020-03-05,FAST,33.81,34.55,0.022,Successful
2020-02-28,2020-03-03,ANSS,234.02,256.98,0.098,Successful
2020-02-28,2020-03-03,SWKS,91.96,104.29,0.134,Successful
2020-02-28,2020-03-05,NTES,62.7,66.6,0.062,Successful
2020-02-28,2020-03-03,SPLK,143.11,152.12,0.063,Successful
2020-02-27,2020-03-03,SWKS,100.5,104.29,0.038,Successful
2020-02-26,2020-03-03,AAPL,71.63,75.92,0.06,Successful
2020-02-26,2020-03-03,GOOG,69.42,69.97,0.008,Successful
2020-02-26,2020-03-03,GOOGL,69.32,69.88,0.008,Successful
2020-02-26,2020-03-03,META,196.77,196.22,-0.003,Unsuccessful
2020-02-26,2020-03-03,VRTX,230.0,230.27,0.001,Successful
2020-02-26,2020-03-05,CSX,25.19,23.31,-0.075,Unsuccessful
2020-02-26,2020-03-03,NXPI,120.82,119.41,-0.012,Unsuccessful
2020-02-26,2020-03-03,ANSS,266.44,256.98,-0.036,Unsuccessful
2020-02-26,2020-03-03,SWKS,106.17,104.29,-0.018,Unsuccessful
2020-02-25,2020-03-03,AAPL,74.54,75.92,0.018,Successful
2020-02-25,2020-03-03,MSFT,170.89,173.8,0.017,Successful
2020-02-25,2020-03-03,META,200.72,196.22,-0.022,Unsuccessful
2020-02-25,2020-03-02,ADSK,194.37,190.67,-0.019,Unsuccessful
2020-02-25,2020-03-03,FTNT,21.74,22.02,0.013,Successful
2020-02-25,2020-03-03,NXPI,124.04,119.41,-0.037,Unsuccessful
2020-02-25,2020-03-05,BIDU,125.83,118.37,-0.059,Unsuccessful
2020-02-10,2020-02-13,VRSN,205.07,207.4,0.011,Successful
2020-02-03,2020-02-05,NVDA,58.92,63.0,0.069,Successful
2020-02-03,2020-02-05,NXPI,126.86,133.4,0.052,Successful
2020-01-31,2020-02-05,META,208.43,212.51,0.02,Successful
2020-01-30,2020-02-03,CHTR,486.88,522.84,0.074,Successful
2020-01-28,2020-01-30,AMGN,222.95,226.0,0.014,Successful
2020-01-28,2020-01-31,HON,173.54,177.91,0.025,Successful
2020-01-28,2020-02-04,AMAT,59.05,61.41,0.04,Successful
2020-01-28,2020-02-05,ISRG,189.17,193.79,0.024,Successful
2020-01-28,2020-02-04,BIDU,126.28,134.7,0.067,Successful
2020-01-27,2020-01-30,AMGN,223.68,226.0,0.01,Successful
2020-01-27,2020-01-29,MAR,137.73,141.5,0.027,Successful
2020-01-09,2020-01-24,WBA,55.79,53.32,-0.044,Unsuccessful
2020-01-08,2020-01-13,ISRG,193.85,200.16,0.033,Successful
2020-01-08,2020-01-14,MAR,144.94,146.41,0.01,Successful
2020-01-07,2020-01-10,FAST,35.87,36.22,0.01,Successful
2019-12-13,2019-12-17,DXCM,50.5,53.31,0.056,Successful
2019-12-13,2019-12-17,ALGN,268.15,269.68,0.006,Successful
2019-12-12,2019-12-17,DXCM,52.97,53.31,0.006,Successful
2019-12-04,2019-12-09,ODFL,120.39,123.13,0.023,Successful
2019-12-03,2019-12-09,ODFL,121.79,123.13,0.011,Successful
2019-11-26,2019-11-29,CMCSA,43.35,44.6,0.029,Successful
2019-11-22,2019-11-26,LRCX,263.9,270.0,0.023,Successful
2019-11-22,2019-11-26,PDD,31.58,36.0,0.14,Successful
2019-11-21,2019-11-26,PDD,31.4,36.0,0.146,Successful
2019-11-13,2019-11-18,TMUS,77.43,76.87,-0.007,Unsuccessful
2019-11-13,2019-11-15,ATVI,51.6,53.15,0.03,Successful
2019-11-12,2019-11-18,TMUS,79.62,76.87,-0.035,Unsuccessful
2019-11-12,2019-11-15,ATVI,52.52,53.15,0.012,Successful
2019-11-06,2019-11-14,PEP,134.01,133.6,-0.003,Unsuccessful
2019-11-06,2019-11-07,LULU,194.34,202.0,0.039,Successful
2019-11-05,2019-11-14,PEP,134.83,133.6,-0.009,Unsuccessful
2019-11-05,2019-11-08,CMCSA,43.89,44.68,0.018,Successful
2019-11-05,2019-11-07,LULU,196.48,202.0,0.028,Successful
2019-11-04,2019-11-07,LULU,200.69,202.0,0.007,Successful
2019-10-24,2019-11-05,TXN,118.81,121.1,0.019,Successful
2019-10-24,2019-10-29,SBUX,82.74,83.81,0.013,Successful
2019-10-24,2019-10-29,DXCM,36.62,37.96,0.037,Successful
2019-10-23,2019-10-29,SBUX,83.46,83.81,0.004,Successful
2019-10-23,2019-10-30,MDLZ,52.57,51.77,-0.015,Unsuccessful
2019-10-03,2019-10-07,GOOG,58.83,60.22,0.024,Successful
2019-10-03,2019-10-07,GOOGL,58.9,60.35,0.025,Successful
2019-10-03,2019-10-07,TMUS,76.41,77.63,0.016,Successful
2019-10-03,2019-10-04,AMGN,189.21,193.14,0.021,Successful
2019-10-03,2019-10-07,INTU,259.43,264.9,0.021,Successful
2019-10-03,2019-10-07,SBUX,84.3,85.71,0.017,Successful
2019-10-03,2019-10-08,ODFL,107.83,108.38,0.005,Successful
2019-10-02,2019-10-07,GOOG,59.85,60.22,0.006,Successful
2019-10-02,2019-10-07,GOOGL,59.83,60.35,0.009,Successful
2019-10-02,2019-10-07,SBUX,85.95,85.71,-0.003,Unsuccessful
2019-10-02,2019-10-08,ODFL,109.81,108.38,-0.013,Unsuccessful
2019-09-30,2019-10-04,META,177.1,179.55,0.014,Successful
2019-09-30,2019-10-07,AMD,28.72,28.9,0.006,Successful
2019-09-30,2019-10-07,AMAT,49.43,50.82,0.028,Successful
2019-09-30,2019-10-04,ATVI,52.33,54.75,0.046,Successful
2019-09-27,2019-10-07,CMCSA,44.9,44.39,-0.011,Unsuccessful
2019-09-27,2019-10-01,CHTR,411.0,412.53,0.004,Successful
2019-09-27,2019-10-01,EA,96.62,97.81,0.012,Successful
2019-09-25,2019-10-04,META,181.28,179.55,-0.01,Unsuccessful
2019-09-25,2019-09-27,PDD,30.99,32.86,0.06,Successful
2019-09-25,2019-10-04,JD,29.15,28.88,-0.009,Unsuccessful
2019-09-12,2019-09-18,VRSN,190.75,190.48,-0.001,Unsuccessful
2019-09-11,2019-09-18,AMGN,196.87,196.36,-0.003,Unsuccessful
2019-09-11,2019-09-18,SBUX,90.18,90.98,0.009,Successful
2019-09-11,2019-09-18,CTAS,248.97,250.12,0.005,Successful
2019-09-11,2019-09-17,DXCM,36.31,37.74,0.039,Successful
2019-09-11,2019-09-18,AZN,42.86,43.38,0.012,Successful
2019-09-11,2019-09-18,VRSN,196.28,190.48,-0.03,Unsuccessful
2019-09-11,2019-09-18,OKTA,107.22,104.8,-0.023,Unsuccessful
2019-09-10,2019-09-17,DXCM,35.95,37.74,0.05,Successful
2019-09-10,2019-09-18,AZN,42.45,43.38,0.022,Successful
2019-09-10,2019-09-18,OKTA,106.9,104.8,-0.02,Unsuccessful
2019-08-20,2019-09-04,ZS,71.5,66.52,-0.07,Unsuccessful
2019-08-07,2019-08-09,MAR,126.27,131.34,0.04,Successful
2019-08-06,2019-08-08,PEP,124.4,128.1,0.03,Successful
2019-08-06,2019-08-08,COST,265.1,273.04,0.03,Successful
2019-08-06,2019-08-09,CMCSA,41.61,42.63,0.025,Successful
2019-08-06,2019-08-08,MDLZ,52.22,54.1,0.036,Successful
2019-08-06,2019-08-09,MAR,126.58,131.34,0.038,Successful
2019-08-06,2019-08-09,PAYX,80.88,84.21,0.041,Successful
2019-08-06,2019-08-07,ROST,101.22,102.07,0.008,Successful
2019-08-05,2019-08-09,META,184.69,190.0,0.029,Successful
2019-08-05,2019-08-08,COST,270.09,273.04,0.011,Successful
2019-08-05,2019-08-09,INTU,268.98,276.08,0.026,Successful
2019-08-05,2019-08-09,SNPS,126.25,131.05,0.038,Successful
2019-08-05,2019-08-07,DXCM,35.37,36.6,0.035,Successful
2019-08-05,2019-08-08,LULU,173.6,182.6,0.052,Successful
2019-08-05,2019-08-07,ROST,102.32,102.07,-0.002,Unsuccessful
2019-08-05,2019-08-07,IDXX,264.13,267.34,0.012,Successful
2019-08-05,2019-08-09,JD,26.65,27.31,0.025,Successful
2019-08-05,2019-08-07,ANSS,190.59,195.89,0.028,Successful
2019-08-05,2019-08-09,SPLK,121.48,127.06,0.046,Successful
2019-08-02,2019-08-08,COST,274.3,273.04,-0.005,Unsuccessful
2019-08-02,2019-08-09,CMCSA,42.75,42.63,-0.003,Unsuccessful
2019-08-02,2019-08-08,AMD,29.48,31.53,0.07,Successful
2019-08-02,2019-08-08,LULU,184.6,182.6,-0.011,Unsuccessful
2019-08-02,2019-08-07,ROST,103.53,102.07,-0.014,Unsuccessful
2019-08-02,2019-08-07,IDXX,268.3,267.34,-0.004,Unsuccessful
2019-08-02,2019-08-09,JD,28.18,27.31,-0.031,Unsuccessful
2019-08-02,2019-08-07,ANSS,199.46,195.89,-0.018,Unsuccessful
2019-08-01,2019-08-09,AMZN,93.34,91.45,-0.02,Unsuccessful
2019-08-01,2019-08-08,COST,275.63,273.04,-0.009,Unsuccessful
2019-08-01,2019-08-09,CMCSA,43.17,42.63,-0.013,Unsuccessful
2019-08-01,2019-08-08,AMD,30.45,31.53,0.035,Successful
2019-08-01,2019-08-08,MDLZ,53.39,54.1,0.013,Successful
2019-08-01,2019-08-09,CHTR,385.38,380.51,-0.013,Unsuccessful
2019-08-01,2019-08-09,SNPS,132.76,131.05,-0.013,Unsuccessful
2019-08-01,2019-08-09,ADSK,156.12,151.04,-0.033,Unsuccessful
2019-08-01,2019-08-09,PAYX,83.05,84.21,0.014,Successful
2019-08-01,2019-08-07,ANSS,203.12,195.89,-0.036,Unsuccessful
2019-07-31,2019-08-09,ADSK,160.28,151.04,-0.058,Unsuccessful
2019-07-30,2019-08-09,AMZN,94.56,91.45,-0.033,Unsuccessful
2019-07-30,2019-08-09,META,195.39,190.0,-0.028,Unsuccessful
2019-07-30,2019-08-08,PYPL,110.79,107.35,-0.031,Unsuccessful
2019-07-30,2019-08-09,CHTR,391.67,380.51,-0.028,Unsuccessful
2019-07-30,2019-08-09,ADSK,162.08,151.04,-0.068,Unsuccessful
2019-07-26,2019-08-08,PYPL,115.12,107.35,-0.067,Unsuccessful
2019-07-24,2019-08-07,DLTR,105.32,92.12,-0.125,Unsuccessful
2019-07-22,2019-07-24,MAR,137.5,140.08,0.019,Successful
2019-07-19,2019-08-02,NTES,49.6,44.35,-0.106,Unsuccessful
2019-06-27,2019-07-02,PAYX,81.77,83.0,0.015,Successful
2019-06-26,2019-07-02,PAYX,84.02,83.0,-0.012,Unsuccessful
2019-06-04,2019-06-10,META,163.71,174.75,0.067,Successful
2019-06-03,2019-06-05,CMCSA,41.0,41.76,0.019,Successful
2019-06-03,2019-06-05,ALGN,282.86,301.92,0.067,Successful
2019-05-30,2019-06-05,LULU,161.57,170.14,0.053,Successful
2019-05-28,2019-05-31,CSX,24.97,24.69,-0.011,Unsuccessful
2019-05-28,2019-06-05,ADSK,161.22,162.32,0.007,Successful
2019-05-24,2019-05-31,CSX,25.13,24.69,-0.018,Unsuccessful
2019-05-14,2019-05-16,AMZN,91.13,94.3,0.035,Successful
2019-05-14,2019-05-16,HON,166.82,169.86,0.018,Successful
2019-05-14,2019-05-16,LULU,167.57,173.9,0.038,Successful
2019-05-14,2019-05-17,DLTR,99.29,100.47,0.012,Successful
2019-05-14,2019-05-16,EBAY,35.87,37.14,0.035,Successful
2019-05-13,2019-05-16,MAR,129.47,132.07,0.02,Successful
2019-05-10,2019-05-16,AMAT,40.82,41.3,0.012,Successful
2019-05-09,2019-05-15,AVGO,300.0,300.27,0.001,Successful
2019-05-09,2019-05-16,TXN,110.88,108.93,-0.018,Unsuccessful
2019-05-09,2019-05-16,ADI,109.14,105.66,-0.032,Unsuccessful
2019-05-09,2019-05-16,AMAT,40.77,41.3,0.013,Successful
2019-05-09,2019-05-13,JD,26.39,26.93,0.02,Successful
2019-05-08,2019-05-16,AMAT,41.7,41.3,-0.01,Unsuccessful
2019-05-08,2019-05-13,FTNT,16.32,16.15,-0.01,Unsuccessful
2019-05-08,2019-05-17,FAST,33.25,32.12,-0.034,Unsuccessful
2019-05-08,2019-05-13,JD,26.95,26.93,-0.001,Unsuccessful
2019-05-07,2019-05-13,FTNT,16.8,16.15,-0.039,Unsuccessful
2019-05-07,2019-05-17,FAST,33.35,32.12,-0.037,Unsuccessful
2019-05-07,2019-05-13,JD,28.3,26.93,-0.048,Unsuccessful
2019-05-06,2019-05-13,FTNT,16.73,16.15,-0.035,Unsuccessful
2019-05-02,2019-05-06,ADP,157.46,157.38,-0.001,Unsuccessful
2019-05-02,2019-05-03,AMD,26.81,28.3,0.056,Successful
2019-04-30,2019-05-06,INTU,247.73,244.01,-0.015,Unsuccessful
2019-04-26,2019-05-03,ORLY,380.0,382.37,0.006,Successful
2019-04-05,2019-04-10,ZS,63.28,64.75,0.023,Successful
2019-03-29,2019-04-05,TMUS,69.15,70.48,0.019,Successful
2019-03-25,2019-03-29,CTAS,194.12,202.05,0.041,Successful
2019-03-25,2019-04-04,DXCM,32.0,29.61,-0.075,Unsuccessful
2019-03-11,2019-03-13,SBUX,69.36,70.09,0.011,Successful
2019-03-11,2019-03-13,LULU,142.51,146.15,0.026,Successful
2019-03-11,2019-03-14,EBAY,35.89,36.38,0.014,Successful
2019-03-08,2019-03-12,VRTX,177.26,181.15,0.022,Successful
2019-03-08,2019-03-12,LRCX,164.7,172.86,0.05,Successful
2019-03-08,2019-03-19,ROST,91.48,91.2,-0.003,Unsuccessful
2019-03-07,2019-03-12,LRCX,168.51,172.86,0.026,Successful
2019-03-07,2019-03-12,SPLK,122.5,126.75,0.035,Successful
2019-03-06,2019-03-12,LRCX,173.5,172.86,-0.004,Unsuccessful
2019-03-06,2019-03-12,ADSK,154.71,154.36,-0.002,Unsuccessful
2019-03-06,2019-03-12,SPLK,125.0,126.75,0.014,Successful
2019-03-05,2019-03-12,SPLK,127.22,126.75,-0.004,Unsuccessful
2019-03-05,2019-03-08,OKTA,79.56,74.79,-0.06,Unsuccessful
2019-02-28,2019-03-07,DLTR,95.55,99.43,0.041,Successful
